Product Handle,Product Title,Product Subtitle,Product Description,Product Status,Product Thumbnail,Product Image 1 Url,Variant Title,Variant SKU,Variant Manage Inventory,Variant Allow Backorder,Variant Price INR,Variant Option 1 Name,Variant Option 1 Value,Product Discountable,Product Metadata
black-ink-calligraphy-set,Black Ink Calligraphy Set,A complete starter set for elegant lettering,"A beginner-friendly calligraphy set for practicing modern lettering, invitations, greeting cards, and journaling. Includes a dip pen, assorted nibs, and a bottle of black ink.",published,,,Starter Set,LI-CAL-001,TRUE,FALSE,799,Set Type,Starter Set,TRUE,"{""category_name"":""Calligraphy Sets"",""badge"":""Beginner Friendly""}"
premium-dip-pen,Premium Calligraphy Dip Pen,A balanced pen for expressive strokes,A reusable dip pen designed for pointed-pen calligraphy and decorative lettering. Pair it with compatible nibs and your preferred calligraphy ink.,published,,,Black Handle,LI-PEN-002,TRUE,FALSE,449,Handle Color,Black,TRUE,"{""category_name"":""Pens""}"
pointed-calligraphy-nibs,Pointed Calligraphy Nib Pack,For fine hairlines and expressive lettering,"A pack of pointed nibs for practicing modern calligraphy, flourishing, and fine lettering. Nib flexibility and compatibility can vary, so check the nib type before use.",published,,,Pack of 5,LI-NIB-003,TRUE,FALSE,299,Pack Size,5 Nibs,TRUE,"{""category_name"":""Nibs""}"
calligraphy-practice-paper,Calligraphy Practice Paper,Smooth paper for everyday practice,"Practice your letterforms, strokes, and flourishing on smooth paper suitable for calligraphy exercises. Use with your preferred pen and ink; test a small area first if using wet ink.",published,,,A4 Pad,LI-PAP-004,TRUE,FALSE,249,Format,A4 Pad,TRUE,"{""category_name"":""Paper""}"
calligraphy-ink-black,Calligraphy Ink - Black,Classic black ink for lettering,"Black calligraphy ink for dip pens and decorative lettering. Check compatibility with your nib and paper, and follow the ink manufacturer's care instructions.",published,,,30 ml Bottle,LI-INK-005,TRUE,FALSE,199,Volume,30 ml,TRUE,"{""category_name"":""Ink""}"
calligraphy-brush-pen-set,Calligraphy Brush Pen Set,Flexible tips for modern brush lettering,"A set of brush pens for modern calligraphy, headers, lettering practice, and creative journaling. Suitable for beginners and hobbyists.",published,,,Set of 6,LI-BRU-006,TRUE,FALSE,599,Pack Size,6 Pens,TRUE,"{""category_name"":""Brush Pens""}"
calligraphy-nib-holder,Calligraphy Nib Holder,A comfortable holder for dip-pen practice,A reusable nib holder for pointed or broad-edge nibs that fit its socket. Confirm nib compatibility before ordering.,published,,,Natural Wood,LI-HLD-007,TRUE,FALSE,349,Material,Wood,TRUE,"{""category_name"":""Accessories""}"
calligraphy-guideline-ruler,Calligraphy Guideline Ruler,Keep letter height and spacing consistent,"A reusable guideline ruler to help plan baselines, x-height, ascenders, and descenders while practicing calligraphy and hand lettering.",published,,,Standard,LI-ACC-008,TRUE,FALSE,149,Size,Standard,TRUE,"{""category_name"":""Accessories""}"
watercolor-calligraphy-paper,Watercolor Calligraphy Paper,For ink washes and mixed-media lettering,A paper pad for lettering projects that combine calligraphy with watercolor or light washes. Check paper weight and test your materials before starting a finished piece.,published,,,A5 Pad,LI-PAP-009,TRUE,FALSE,329,Format,A5 Pad,TRUE,"{""category_name"":""Paper""}"
calligraphy-gift-box,Calligraphy Gift Box,A thoughtful gift for lettering enthusiasts,"A gift-ready collection of calligraphy essentials for someone starting or growing their lettering practice. Suggested contents include a pen, nibs, ink, and practice sheets; confirm the final contents before publishing.",draft,,,Gift Set,LI-GFT-010,TRUE,FALSE,1299,Set Type,Gift Set,TRUE,"{""category_name"":""Gift Sets""}"
