Product Id,Product Handle,Product Title,Product Subtitle,Product Description,Product Status,Product Thumbnail,Product Weight,Product Length,Product Width,Product Height,Product HS Code,Product Origin Country,Product MID Code,Product Material,Shipping Profile Id,Product Sales Channel 1,Product Collection Id,Product Type Id,Product Tag 1,Product Discountable,Product External Id,Variant Id,Variant Title,Variant SKU,Variant Barcode,Variant Allow Backorder,Variant Manage Inventory,Variant Weight,Variant Length,Variant Width,Variant Height,Variant HS Code,Variant Origin Country,Variant MID Code,Variant Material,Variant Price EUR,Variant Price USD,Variant Option 1 Name,Variant Option 1 Value,Product Image 1 Url,Product Image 2 Url
,glass-stir-coffee-mug,Glass stir coffee mug,,,draft,,,,,,,,,,,,,,,TRUE,,,Pink Floral,GLASSSTI-001,,FALSE,TRUE,,,,,,,,,,,Design,Pink Floral,,
,glass-stir-coffee-mug,Glass stir coffee mug,,,draft,,,,,,,,,,,,,,,TRUE,,,Red Gingham,GLASSSTI-002,,FALSE,TRUE,,,,,,,,,,,Design,Red Gingham,,
,vintage-glass-jewellery-box,Vintage glass jewellery box,,,draft,,,,,,,,,,,,,,,TRUE,,,Blue Stripe Hearts,VINTAGEG-003,,FALSE,TRUE,,,,,,,,,,,Design,Blue Stripe Hearts,,
,jewellery-box-organizer,Jewellery box organizer,,,draft,,,,,,,,,,,,,,,TRUE,,,Yellow Stripe,JEWELLER-004,,FALSE,TRUE,,,,,,,,,,,Design,Yellow Stripe,,
,jewellery-box-organizer,Jewellery box organizer,,,draft,,,,,,,,,,,,,,,TRUE,,,Lavender Gingham,JEWELLER-005,,FALSE,TRUE,,,,,,,,,,,Design,Lavender Gingham,,
,tortoise-urli-candle,Tortoise urli candle,,,draft,,,,,,,,,,,,,,,TRUE,,,Rainbow Stripe,TORTOISE-006,,FALSE,TRUE,,,,,,,,,,,Design,Rainbow Stripe,,
,tortoise-urli-candle,Tortoise urli candle,,,draft,,,,,,,,,,,,,,,TRUE,,,Daisy Tier Stand,TORTOISE-007,,FALSE,TRUE,,,,,,,,,,,Design,Daisy Tier Stand,,
,aesthetic-name-frame,Aesthetic name frame,,,draft,,,,,,,,,,,,,,,TRUE,,,Vintage Octagon,AESTHETI-008,,FALSE,TRUE,,,,,,,,,,,Design,Vintage Octagon,,
,aesthetic-name-frame,Aesthetic name frame,,,draft,,,,,,,,,,,,,,,TRUE,,,Round Jewellery Set,AESTHETI-009,,FALSE,TRUE,,,,,,,,,,,Design,Round Jewellery Set,,
,aesthetic-name-frame,Aesthetic name frame,,,draft,,,,,,,,,,,,,,,TRUE,,,Tortoise Trio,AESTHETI-010,,FALSE,TRUE,,,,,,,,,,,Design,Tortoise Trio,,
,aesthetic-name-frame,Aesthetic name frame,,,draft,,,,,,,,,,,,,,,TRUE,,,Tortoise Duo,AESTHETI-011,,FALSE,TRUE,,,,,,,,,,,Design,Tortoise Duo,,
,aesthetic-name-frame,Aesthetic name frame,,,draft,,,,,,,,,,,,,,,TRUE,,,Jewellery Trio,AESTHETI-012,,FALSE,TRUE,,,,,,,,,,,Design,Jewellery Trio,,
,aesthetic-name-frame,Aesthetic name frame,,,draft,,,,,,,,,,,,,,,TRUE,,,Jewellery Flatlay,AESTHETI-013,,FALSE,TRUE,,,,,,,,,,,Design,Jewellery Flatlay,,
,daisy-candle,Daisy candle,,,draft,,,,,,,,,,,,,,,TRUE,,,Green Glass Mug,DAISYCAN-014,,FALSE,TRUE,,,,,,,,,,,Design,Green Glass Mug,,
,elephant-urli,Elephant urli,,,draft,,,,,,,,,,,,,,,TRUE,,,Black Glass Mug,ELEPHANT-015,,FALSE,TRUE,,,,,,,,,,,Design,Black Glass Mug,,
,elephant-urli,Elephant urli,,,draft,,,,,,,,,,,,,,,TRUE,,,Blue Backdrop Elephant,ELEPHANT-016,,FALSE,TRUE,,,,,,,,,,,Design,Blue Backdrop Elephant,,
,classic-glass-jewellery-box,Classic glass jewellery box,,,draft,,,,,,,,,,,,,,,TRUE,,,Golden Tabletop Elephant,CLASSICG-017,,FALSE,TRUE,,,,,,,,,,,Design,Golden Tabletop Elephant,,
