Product Handle,Product Title,Product Subtitle,Product Description,Product Status,Product Thumbnail,Product Image 1 Url,Variant Title,Variant SKU,Variant Manage Inventory,Variant Allow Backorder,Variant Price INR,Variant Option 1 Name,Variant Option 1 Value,Product Metadata
aesthetic-name-frame,Aesthetic Name Frame,Personalised Name Frame,Personalised aesthetic name frame with decorative patterned designs.,draft,,,Red Gingham,AESTHETI-001,TRUE,FALSE,,Design,Red Gingham,"{""source_image"": ""20F6040A-6C67-4493-9426-465F0AD76ED7.png""}"
aesthetic-name-frame,Aesthetic Name Frame,Personalised Name Frame,Personalised aesthetic name frame with decorative patterned designs.,draft,,,Pink Gingham,AESTHETI-002,TRUE,FALSE,,Design,Pink Gingham,"{""source_image"": ""6FDA3489-A0D1-4FBB-AF37-7CBB83A57B96.png""}"
aesthetic-name-frame,Aesthetic Name Frame,Personalised Name Frame,Personalised aesthetic name frame with decorative patterned designs.,draft,,,Pastel Stripes,AESTHETI-003,TRUE,FALSE,,Design,Pastel Stripes,"{""source_image"": ""F0D33E55-6884-4512-B4A6-D8F50DEBFE4D.png""}"
aesthetic-name-frame,Aesthetic Name Frame,Personalised Name Frame,Personalised aesthetic name frame with decorative patterned designs.,draft,,,Lavender Gingham,AESTHETI-004,TRUE,FALSE,,Design,Lavender Gingham,"{""source_image"": ""3B0E49D3-4E0A-4114-B476-5C1BFAD1781A.png""}"
aesthetic-name-frame,Aesthetic Name Frame,Personalised Name Frame,Personalised aesthetic name frame with decorative patterned designs.,draft,,,Blue Stripe Hearts,AESTHETI-005,TRUE,FALSE,,Design,Blue Stripe Hearts,"{""source_image"": ""6CD2BD8F-950B-4987-896F-70C8703D5C53.png""}"
aesthetic-name-frame,Aesthetic Name Frame,Personalised Name Frame,Personalised aesthetic name frame with decorative patterned designs.,draft,,,Yellow Stripe Bows,AESTHETI-006,TRUE,FALSE,,Design,Yellow Stripe Bows,"{""source_image"": ""C0E40ECC-5BD8-47F0-8839-E001FA740A7F.png""}"
daisy-candle,Daisy Candle,,Daisy candle product.,draft,,,Design 1,DAISYCAN-007,TRUE,FALSE,,Design,Design 1,"{""source_image"": ""38481A2B-654B-4FEC-98A3-C4BB56DC6C3C.png""}"
vintage-glass-jewellery-box,Vintage Glass Jewellery Box,,Vintage glass jewellery box.,draft,,,Design 1,VINTAGEG-008,TRUE,FALSE,,Design,Design 1,"{""source_image"": ""7ED77D7F-34FA-4250-B007-925CB1694F04.png""}"
classic-glass-jewellery-box,Classic Glass Jewellery Box,,Classic glass jewellery box.,draft,,,Design 1,CLASSICG-009,TRUE,FALSE,,Design,Design 1,"{""source_image"": ""49B13317-2CE9-403C-8A65-B45E8291F60B.png""}"
tortoise-urli-candle,Tortoise Urli Candle,,Decorative tortoise urli candle.,draft,,,Design 1,TORTOISE-010,TRUE,FALSE,,Design,Design 1,"{""source_image"": ""F6154646-442E-4995-B7CA-314A088B05BD.png""}"
tortoise-urli-candle,Tortoise Urli Candle,,Decorative tortoise urli candle.,draft,,,Design 2,TORTOISE-011,TRUE,FALSE,,Design,Design 2,"{""source_image"": ""3CA196FE-9CC0-414F-8C03-D9A7F906F482.png""}"
jewellery-box-organizer,Jewellery Box Organizer,,Decorative jewellery box organizer.,draft,,,Design 1,JEWELLER-012,TRUE,FALSE,,Design,Design 1,"{""source_image"": ""3656014A-E5E9-4699-9288-6BB0D953E1AA.png""}"
jewellery-box-organizer,Jewellery Box Organizer,,Decorative jewellery box organizer.,draft,,,Design 2,JEWELLER-013,TRUE,FALSE,,Design,Design 2,"{""source_image"": ""670766DF-1A76-405E-846C-6ECE07BD79E6.png""}"
glass-stir-coffee-mug,Glass Stir Coffee Mug,,Glass stir coffee mug with personalised lettering.,draft,,,Design 1,GLASSSTI-014,TRUE,FALSE,,Design,Design 1,"{""source_image"": ""7C591CAD-093E-498F-B1BA-411FBE9890A3.png""}"
glass-stir-coffee-mug,Glass Stir Coffee Mug,,Glass stir coffee mug with personalised lettering.,draft,,,Design 2,GLASSSTI-015,TRUE,FALSE,,Design,Design 2,"{""source_image"": ""9de6b305-2bd2-4b2c-8b11-752a0f42a80e.jpg""}"
elephant-urli,Elephant Urli,,Decorative elephant urli.,draft,,,Design 1,ELEPHANT-016,TRUE,FALSE,,Design,Design 1,"{""source_image"": ""CE50B497-2099-4FEE-93A5-CA98C006F965.png""}"
elephant-urli,Elephant Urli,,Decorative elephant urli.,draft,,,Design 2,ELEPHANT-017,TRUE,FALSE,,Design,Design 2,"{""source_image"": ""55DE3DF8-1D1D-44D3-AA94-3968B923811C.png""}"
